age,ifr
0-9,0.00161
10-19,0.00695
20-29,0.0309
30-39,0.0844
40-49,0.161
50-59,0.595
60-69,1.93
70-79,4.28
80+,7.8
